{"train_accuracy_history": [0.6758333333333333, 0.6819444444444445, 0.69875, 0.7606944444444445, 0.8016666666666666, 0.8134722222222223, 0.84, 0.8459722222222222, 0.8577777777777778, 0.8743055555555556], "train_loss_history": [0.6362382755014632, 0.6057648228274451, 0.5837226206726498, 0.5136248600482941, 0.46118280556466845, 0.4302107105652491, 0.3859226379791896, 0.3614647466937701, 0.3399961377514733, 0.3123709590567483], "val_accuracy_history": [0.67875, 0.64875, 0.7270833333333333, 0.7991666666666667, 0.8020833333333334, 0.745, 0.8275, 0.8666666666666667, 0.8804166666666666, 0.8629166666666667], "val_loss_history": [0.6865610071023305, 0.6310155653953552, 0.5604994014898936, 0.4453842943906784, 0.45594974835713703, 0.4832277727127075, 0.3806081340710322, 0.3328571516275406, 0.3160887559254964, 0.30275805354118346]}