{"train_accuracy_history": [0.6402777777777777, 0.63875], "train_loss_history": [0.6875273678037855, 0.6374857706493802], "val_accuracy_history": [0.7170833333333333, 0.69125], "val_loss_history": [0.5732528857390086, 0.5981537346045176]}