{"train_accuracy_history": [0.6754166666666667, 0.66125, 0.7181944444444445, 0.7606944444444445, 0.8081944444444444, 0.8243055555555555, 0.8516666666666667, 0.8590277777777777, 0.8744444444444445, 0.8793055555555556], "train_loss_history": [0.6446408748626709, 0.6211916316880121, 0.5625403406884936, 0.4970620618926154, 0.4300667190551758, 0.40570362442069585, 0.35965535561243694, 0.34078191306855943, 0.3138942238026195, 0.3001651022169325], "val_accuracy_history": [0.6654166666666667, 0.7029166666666666, 0.81375, 0.8016666666666666, 0.7745833333333333, 0.8279166666666666, 0.8533333333333334, 0.8691666666666666, 0.895, 0.8466666666666667], "val_loss_history": [0.6376923608779907, 0.6009507433573404, 0.4429603370030721, 0.4426533301671346, 0.4913130513827006, 0.39994376321633657, 0.36199872076511386, 0.31672643582026166, 0.26678373098373415, 0.3593352965513865]}