{"train_accuracy_history": [0.6766666666666666, 0.6845833333333333], "train_loss_history": [0.6433089088069068, 0.6061179827319251], "val_accuracy_history": [0.5975, 0.6904166666666667], "val_loss_history": [1.0067698033650716, 0.6012782204151154]}